{
  "compressed_bytes": 2432,
  "compression_ratio": 215.57894736842104,
  "joint_rmse_deg": 8.421043610731436e-07,
  "meets_claim": true,
  "raw_float32_bytes": 524288
}
