{
  "compressed_bytes": 413,
  "compression_ratio": 238.02421307506054,
  "joint_rmse_deg": 8.909080288936385e-07,
  "meets_claim": true,
  "raw_float32_bytes": 98304
}
